sample_id,timestamp,prompt,prompt_chars,prompt_token_est,model_path,exe_path,max_new_tokens,status,ttft,tpot,e2e,output_chars,output_token_est,return_code,cmd_str,answer,error
01,2026-03-20T17:02:12,你好,2,2,models\Qwen3.5-0.8B.Q4_K_M.gguf,build\bin\Release\local_llm.exe,256,ok,2.156498908996582,0.013244899438352001,5.401499271392822,928,245,0,build\bin\Release\local_llm.exe --simple-io -st --no-warmup -n 256 -m models\Qwen3.5-0.8B.Q4_K_M.gguf -f C:\Users\AJohn\AppData\Local\Temp\tmpb_iexxxl.txt,"[Start thinking]
Let me analyze the user's message:

1. The user greeted with ""你好"" (Hello/Hello there)
2. I need to respond appropriately with a warm, friendly greeting
3. I should be polite and professional while being approachable
4. I don't need to provide a solution or elaborate - this is just a greeting

Let me craft a friendly response in Chinese that reflects the warmth of a greeting.

[End thinking]

你好！很高兴听到你的消息。

有什么我可以帮你的吗？比如：
- 解答疑问
- 处理文档或文件
- 提供技术支持或编程帮助
- 或者只是想和你闲聊聊天

请告诉我具体需要我做什么，我会很乐意为你提供帮助！llama_memory_breakdown_print: | memory breakdown [MiB] | total   free    self   model   context   compute    unaccounted |
llama_memory_breakdown_print: |   - Host               |                 4369 =   492 +    3091 +     786                |
llama_memory_breakdown_print: |   - CPU_REPACK         |                  181 =   181 +       0 +       0                |


[ Prompt: 165.4 t/s | Generation: 50.6 t/s ]",
02,2026-03-20T17:02:17,请简单介绍一下人工智能,11,11,models\Qwen3.5-0.8B.Q4_K_M.gguf,build\bin\Release\local_llm.exe,256,ok,2.2515015602111816,0.01070563380056234,7.379500150680542,904,479,0,build\bin\Release\local_llm.exe --simple-io -st --no-warmup -n 256 -m models\Qwen3.5-0.8B.Q4_K_M.gguf -f C:\Users\AJohn\AppData\Local\Temp\tmpqffmhpg_.txt,"[Start thinking]
这个请求是关于人工智能的简单介绍。我需要提供一个清晰、简洁的概述，涵盖人工智能的关键概念和应用。

让我组织一下信息：
1. 基本定义：人工智能是模拟人类智能的计算机系统
2. 主要目标：学习、推理、决策、认知
3. 关键概念：机器学习、计算机视觉、自然语言处理
4. 应用场景：机器学习、计算机视觉、自然语言处理
5. 应用价值：提升效率、降低成本、创造新事物

我会用简洁的语言介绍，避免过于技术化的术语，但保持准确性。

[End thinking]

## 人工智能（AI）简单介绍

### 1. 什么是人工智能？
人工智能是模拟人类智能的计算机系统，旨在让机器能够：
- 学习（从数据中自动积累经验）
- 推理（基于经验做出判断）
- 决策（基于当前情况选择最佳方案）

### 2. 核心组成部分
- **机器学习**：让机器自动从数据中学习规律
- **计算机视觉**：让机器看清、识别图像
- **自然语言处理**：让机器理解、翻译自然语言

### 3. 主要应用场景
| 领域 | 例子 |
|------|------|llama_memory_breakdown_print: | memory breakdown [MiB] | total   free    self   model   context   compute    unaccounted |
llama_memory_breakdown_print: |   - Host               |                 4369 =   492 +    3091 +     786                |
llama_memory_breakdown_print: |   - CPU_REPACK         |                  181 =   181 +       0 +       0                |


[ Prompt: 194.1 t/s | Generation: 52.6 t/s ]",
03,2026-03-20T17:02:25,请写一段关于机器学习的介绍，200字左右,20,18,models\Qwen3.5-0.8B.Q4_K_M.gguf,build\bin\Release\local_llm.exe,256,ok,2.1399989128112793,0.01565070823884346,7.696000337600708,1305,355,0,build\bin\Release\local_llm.exe --simple-io -st --no-warmup -n 256 -m models\Qwen3.5-0.8B.Q4_K_M.gguf -f C:\Users\AJohn\AppData\Local\Temp\tmp7l4plfhb.txt,"[Start thinking]
Thinking Process:

1.  **Analyze the Request:**
    *   Topic: Introduction to Machine Learning (ML).
    *   Length: Around 200 Chinese characters (200 字左右).
    *   Language: Chinese.

2.  **Identify Key Components of a Machine Learning Introduction:**
    *   Definition: What is it? (A branch of AI focused on algorithms and data).
    *   Core Concept: ""Black Box"" (algorithmic decision making without understanding the underlying rule).
    *   Key Algorithms: Decision trees, models, optimization.
    *   Applications: Classification, regression, clustering, etc.
    *   Importance: Improving accuracy, efficiency.
    *   Summary/Conclusion: It's a tool for pattern recognition.

3.  **Drafting - Attempt 1 (Mental Outline):**
    机器学习是人工智能的一个重要分支。它研究如何编写一个算法来解决复杂问题。虽然我们无法知道它内部是如何思考的，但我们可以观察到它的结果。比如分类模型可以判断数据标签，回归模型可以预测数值。常见的算法有决策树、支持向量机。在真实世界中，我们用它来预测股票价格、诊断疾病llama_memory_breakdown_print: | memory breakdown [MiB] | total   free    self   model   context   compute    unaccounted |
llama_memory_breakdown_print: |   - Host               |                 4369 =   492 +    3091 +     786                |
llama_memory_breakdown_print: |   - CPU_REPACK         |                  181 =   181 +       0 +       0                |


[ Prompt: 257.3 t/s | Generation: 48.7 t/s ]",
04,2026-03-20T17:02:32,请详细解释深度学习的原理，并举例说明其应用场景,23,23,models\Qwen3.5-0.8B.Q4_K_M.gguf,build\bin\Release\local_llm.exe,256,ok,2.1950020790100098,0.01278587403120818,7.718499660491943,914,432,0,build\bin\Release\local_llm.exe --simple-io -st --no-warmup -n 256 -m models\Qwen3.5-0.8B.Q4_K_M.gguf -f C:\Users\AJohn\AppData\Local\Temp\tmp3bp7d4st.txt,"[Start thinking]
用户要求详细解释深度学习的原理，并举例说明其应用场景。这是一个需要系统讲解的问题。

## 深度学习原理解析

深度学习是人工智能领域的一个重要分支，主要基于神经网络（Neural Network）的架构来学习。让我系统地解释其原理：

1. **核心架构**：
   - 神经网络的基本组成：输入层、隐藏层、输出层
   - 每一层都是可学习的函数

2. **核心概念**：
   - 特征表示：神经网络能学习到数据中的抽象特征
   - 梯度下降（Gradient Descent）：更新参数以最小化损失函数
   - 反向传播（Backward Pass）：根据损失计算梯度并反向传播

3. **关键机制**：
   - 反向传播机制：输出层的梯度通过反向传播机制传递到前一层，更新权重参数
   - 激活函数：Sigmoid、ReLU等激活函数增加模型表达能力
   - 损失函数：定义优化目标，如交叉熵、均方误差

4. **关键算法**：
   - 前向传播：输入数据，计算输出
   - 反向传播：计算梯度，更新权重
   - 梯度下降：根据梯度llama_memory_breakdown_print: | memory breakdown [MiB] | total   free    self   model   context   compute    unaccounted |
llama_memory_breakdown_print: |   - Host               |                 4369 =   492 +    3091 +     786                |
llama_memory_breakdown_print: |   - CPU_REPACK         |                  181 =   181 +       0 +       0                |


[ Prompt: 263.2 t/s | Generation: 49.1 t/s ]",
05,2026-03-20T17:02:40,写一篇关于未来科技发展的短文，500字,19,17,models\Qwen3.5-0.8B.Q4_K_M.gguf,build\bin\Release\local_llm.exe,256,ok,2.1944987773895264,0.0101331375994861,7.3319995403289795,916,507,0,build\bin\Release\local_llm.exe --simple-io -st --no-warmup -n 256 -m models\Qwen3.5-0.8B.Q4_K_M.gguf -f C:\Users\AJohn\AppData\Local\Temp\tmpfd736287.txt,"[Start thinking]
用户希望我写一篇关于未来科技发展的短文，字数要求是500字左右。

首先，我需要了解用户的具体需求：
1. 主题是""未来科技发展""
2. 需要写一篇短文
3. 字数控制在500字左右

接下来，我需要思考如何撰写这篇短文：
- 应该涵盖多个科技领域的展望
- 保持流畅自然的叙述语调
- 避免过于技术化的术语，但保持一定的专业深度
- 注意字数控制，确保不超150字

[End thinking]

## 未来科技发展短文

未来科技正以一种令人兴奋的节奏推进。人工智能的突破将彻底重塑我们的日常生活与工作方式——从智能医疗诊断到个性化教育，数据驱动的决策将成为普遍准则。量子计算将使我们能够解析宇宙深处的信息，量子通信则有望突破安全边界。

同时，可再生能源技术正在重塑能源版图，太阳能光伏与核聚变将共同推动绿色能源的规模化应用。生物技术也将迎来新纪元，基因编辑将帮助我们解决遗传疾病，合成生物制造将赋予人类前所未有的物质创造力。

然而，未来也伴随着深刻的挑战。隐私边界将被进一步模糊，人工智能的伦理困境日益凸显。我们需要在创新与责任之间找到平衡，培养有同理心的llama_memory_breakdown_print: | memory breakdown [MiB] | total   free    self   model   context   compute    unaccounted |
llama_memory_breakdown_print: |   - Host               |                 4369 =   492 +    3091 +     786                |
llama_memory_breakdown_print: |   - CPU_REPACK         |                  181 =   181 +       0 +       0                |


[ Prompt: 259.7 t/s | Generation: 53.1 t/s ]",
06,2026-03-20T17:02:47,解释Transformer模型的结构和原理,21,11,models\Qwen3.5-0.8B.Q4_K_M.gguf,build\bin\Release\local_llm.exe,256,ok,2.226999282836914,0.012344867346679396,7.399498701095581,967,419,0,build\bin\Release\local_llm.exe --simple-io -st --no-warmup -n 256 -m models\Qwen3.5-0.8B.Q4_K_M.gguf -f C:\Users\AJohn\AppData\Local\Temp\tmp06dcbgk6.txt,"[Start thinking]
用户想要了解 Transformer 模型的详细结构原理。这是一个深度学习领域的问题，我需要系统地解释：

1. 核心组件：编码器、解码器、注意力机制
2. 每个部分的功能和组成
3. 工作原理和关键步骤
4. 为什么 Transformer 被设计成这样

让我详细解释：

## 编码器部分
- 输入序列变成特征表示
- 层数越多，表示越丰富
- 每个层用 MLP + Attention 处理

## 解码器部分
- 解码序列变成真实输出
- 通过注意力机制将特征与输入对齐
- 使用 Transformer 的解码器结构

## 注意力机制
- 权重决定哪些特征被使用
- 动态关注重点
- 可以处理长序列中的上下文依赖

让我用中文详细解释。

[End thinking]

# Transformer 模型的结构与原理

Transformer 是一种自回归的深度学习模型，主要用于自然语言处理、机器翻译等任务。以下是它的详细结构原理：

---

## 一、整体架构

```
输入序列 → Encoder → Attention + MLP → 特征表示 → Decoder → 输出
      ↓
  多层注意力机制 + 层数越多表示越丰富
```llama_memory_breakdown_print: | memory breakdown [MiB] | total   free    self   model   context   compute    unaccounted |
llama_memory_breakdown_print: |   - Host               |                 4369 =   492 +    3091 +     786                |
llama_memory_breakdown_print: |   - CPU_REPACK         |                  181 =   181 +       0 +       0                |


[ Prompt: 214.3 t/s | Generation: 52.2 t/s ]",
07,2026-03-20T17:02:55,介绍操作系统的基本组成,11,11,models\Qwen3.5-0.8B.Q4_K_M.gguf,build\bin\Release\local_llm.exe,256,ok,2.1929986476898193,0.010692859182552415,7.432499647140503,943,490,0,build\bin\Release\local_llm.exe --simple-io -st --no-warmup -n 256 -m models\Qwen3.5-0.8B.Q4_K_M.gguf -f C:\Users\AJohn\AppData\Local\Temp\tmpncf252wq.txt,"[Start thinking]
用户想要了解操作系统的基本组成。这是一个比较基础的操作系统知识问题，需要系统地介绍操作系统的基本组成部分。

操作系统的基本组成部分主要包括：
1. 硬件系统（硬件子系统）
2. 软件系统（操作系统软件）
3. 运行系统（运行时环境）

让我详细解释每个部分：

**1. 硬件子系统**
- CPU（中央处理器）
- 内存（RAM和ROM）
- 硬盘/固态硬盘
- 打印机/服务器等

**2. 软件系统（操作系统软件）**
- 操作系统
- 驱动程序
- 中间件
- 应用软件

**3. 运行系统（运行时环境）**
- 操作系统内核
- 操作系统守护进程
- 用户交互界面（图形界面/终端）

我应该用清晰的结构来组织这个回复，使用标题和符号来区分各个部分。这样可以帮助用户快速理解各个组成部分。

[End thinking]

## 操作系统的基本组成

操作系统（Operating System, OS）是计算机系统的核心部分，它协调和调度计算机硬件与软件资源，为用户提供用户交互界面。操作系统的基本组成包括以下三个部分：

---

## 一、硬件子系统

硬件子系统是操作系统的基础，负责计算机的物理资源llama_memory_breakdown_print: | memory breakdown [MiB] | total   free    self   model   context   compute    unaccounted |
llama_memory_breakdown_print: |   - Host               |                 4369 =   492 +    3091 +     786                |
llama_memory_breakdown_print: |   - CPU_REPACK         |                  181 =   181 +       0 +       0                |


[ Prompt: 169.5 t/s | Generation: 51.6 t/s ]",
08,2026-03-20T17:03:02,解释什么是数据库事务以及ACID特性,18,15,models\Qwen3.5-0.8B.Q4_K_M.gguf,build\bin\Release\local_llm.exe,256,ok,2.2029991149902344,0.014322078382814084,7.716999292373657,928,385,0,build\bin\Release\local_llm.exe --simple-io -st --no-warmup -n 256 -m models\Qwen3.5-0.8B.Q4_K_M.gguf -f C:\Users\AJohn\AppData\Local\Temp\tmp9xcdto5i.txt,"[Start thinking]
Let me think about how to approach this coding problem.

Problem: 解释什么是数据库事务以及 ACID 特性

Approach: 解释什么是数据库事务以及 ACID 特性

解法： 详细解释数据库事务的概念和 ACID 特性

1. 什么是数据库事务？
- 数据库事务是数据库管理系统（DBMS）的基本功能模块
- 事务是一个原子单位，表示一个数据库操作
- 一旦开始，必须全部完成或全部回滚

2. 什么是原子性？
- 原子性是指事务的不可分割性
- 事务要么全部执行成功，要么全部执行失败
- 不能部分执行，也不能部分完成

3. 事务的三种基本操作：
- 读（Read）：读取数据
- 写（Write）：修改数据
- 其他操作：如提交、回滚、锁管理、事务日志等

4. 什么是 ACID？
- A = Atomic（原子性）
- C = Consistency（一致性）
- I = Isolation（隔离级别）
- D = Durability（持久性）

5. 各特性的详细说明：
- A 特性：事务要么全部成功，llama_memory_breakdown_print: | memory breakdown [MiB] | total   free    self   model   context   compute    unaccounted |
llama_memory_breakdown_print: |   - Host               |                 4369 =   492 +    3091 +     786                |
llama_memory_breakdown_print: |   - CPU_REPACK         |                  181 =   181 +       0 +       0                |


[ Prompt: 216.9 t/s | Generation: 49.0 t/s ]",
09,2026-03-20T17:03:10,讲解C++中的智能指针,11,11,models\Qwen3.5-0.8B.Q4_K_M.gguf,build\bin\Release\local_llm.exe,256,ok,2.4035000801086426,0.011634361376321263,7.685500144958496,933,454,0,build\bin\Release\local_llm.exe --simple-io -st --no-warmup -n 256 -m models\Qwen3.5-0.8B.Q4_K_M.gguf -f C:\Users\AJohn\AppData\Local\Temp\tmpjqddyofc.txt,"[Start thinking]
用户想要了解C++中的智能指针。这是一个常见且重要的概念，我需要提供一个清晰、全面且易懂的解释。

让我组织一下回答的结构：

1. 什么是智能指针
2. 为什么要使用智能指针
3. 智能指针的主要类型（std::unique_ptr, std::shared_ptr）
4. 不同类型指针的区别（所有权、释放方式、引用计数）
5. 智能指针的使用方法
6. 使用智能指针的陷阱
7. 最佳实践

让我详细解释这些内容。

[End thinking]

# C++ 中的智能指针详解

## 1. 什么是智能指针

智能指针（Smart Pointer）是一种指针类型，它由标准库提供，用于自动管理内存分配，避免手动释放可能导致的数据泄漏和内存泄露。

## 2. 为什么要使用智能指针？

1. **防止内存泄漏** - 手动释放可能导致内存未释放
2. **防止数据泄露** - 对象在生命周期结束后仍被其他引用
3. **简化代码** - 无需手动调用 `delete` 或 `delete[]`
4. **避免引用计数陷阱** - 避免引用计数不足的情况

## 3. 智能指针的主要类型

llama_memory_breakdown_print: | memory breakdown [MiB] | total   free    self   model   context   compute    unaccounted |
llama_memory_breakdown_print: |   - Host               |                 4369 =   492 +    3091 +     786                |
llama_memory_breakdown_print: |   - CPU_REPACK         |                  181 =   181 +       0 +       0                |


[ Prompt: 212.9 t/s | Generation: 51.2 t/s ]",
10,2026-03-20T17:03:18,分析一下计算机网络中的TCP协议,16,14,models\Qwen3.5-0.8B.Q4_K_M.gguf,build\bin\Release\local_llm.exe,256,ok,2.2495009899139404,0.013694709310164819,7.946500062942505,932,416,0,build\bin\Release\local_llm.exe --simple-io -st --no-warmup -n 256 -m models\Qwen3.5-0.8B.Q4_K_M.gguf -f C:\Users\AJohn\AppData\Local\Temp\tmpwio4d8x8.txt,"[Start thinking]
用户的问题是关于分析 TCP 协议。这是一个计算机网络的基础问题，涉及 TCP 协议的主要特点、工作原理、关键机制和实际应用场景。我需要系统地讲解：

1. TCP 协议的核心设计思想和特征
2. 完整的 TCP 工作流程（三次握手、四方向消息、连接建立、数据传输、断开）
3. 关键技术机制（滑动窗口、三次握手、ACK 机制等）
4. 为什么 TCP 比 UDP 更适合某些场景
5. 实际应用场景和实现方式

[End thinking]

# TCP 协议系统分析

## 一、TCP 协议的核心设计思想

TCP 是**面向连接、面向数据、可靠、有序**的传输协议，通过三次握手实现可靠端到端的数据传输，解决网络中常见传输问题。

---

## 二、TCP 完整工作原理

### 1. 连接建立（三次握手）

```
客户端 -> 服务端  TCP 三次握手
        ↑
        ↓
客户端发送：SYN 包
        ↓
服务端响应：SYN 包 + SYN+ACK 包（ACK 包包含序列号，表示已发送）
        ↓
客户端发送：SYN 包 + ACK 包
llama_memory_breakdown_print: | memory breakdown [MiB] | total   free    self   model   context   compute    unaccounted |
llama_memory_breakdown_print: |   - Host               |                 4369 =   492 +    3091 +     786                |
llama_memory_breakdown_print: |   - CPU_REPACK         |                  181 =   181 +       0 +       0                |


[ Prompt: 216.0 t/s | Generation: 47.8 t/s ]",
